Date;Location;MinTemp;MaxTemp;Rainfall;Evaporation;Sunshine;RainToday
2014-01-01;Sydney;20.5;27.1;0.0;7.4;5.9;0
2014-01-02;Sydney;22.3;36.5;0.0;8.0;3.5;0
2014-01-03;Sydney;21.0;26.2;0.2;5.6;5.6;0
2014-01-04;Sydney;20.1;27.5;0.0;7.4;11.2;0
2014-01-05;Sydney;20.8;26.0;0.0;8.2;12.2;0
2014-01-06;Sydney;19.6;32.0;0.0;9.4;12.8;0
2014-01-07;Sydney;18.3;21.6;0.0;11.4;1.7;0
2014-01-08;Sydney;16.2;22.3;5.8;7.6;0.4;1
2014-01-09;Sydney;18.1;23.2;0.0;3.8;2.0;0
2014-01-10;Sydney;19.0;25.7;0.4;6.6;9.3;0
2014-01-11;Sydney;19.1;29.1;0.0;7.2;10.9;0
2014-01-12;Sydney;21.1;28.8;0.0;10.4;10.3;0
2014-01-13;Sydney;19.7;26.8;0.0;7.6;11.5;0
2014-01-14;Sydney;18.3;27.5;0.0;7.2;12.0;0
2014-01-15;Sydney;21.2;28.8;0.0;10.0;12.8;0
2014-01-16;Sydney;21.1;28.1;0.0;10.8;13.1;0
2014-01-17;Sydney;21.3;27.7;0.0;10.4;12.8;0
2014-01-18;Sydney;19.3;28.7;0.0;10.6;13.1;0
2014-01-19;Sydney;21.2;29.4;0.0;10.8;6.1;0
2014-01-20;Sydney;21.7;25.9;0.0;4.2;2.8;0
2014-01-21;Sydney;19.8;25.0;5.0;5.0;0.6;1
2014-01-22;Sydney;19.8;22.8;3.0;2.8;0.0;1
2014-01-23;Sydney;20.2;24.7;0.2;4.4;4.6;0
2014-01-24;Sydney;19.7;26.3;0.0;7.4;1.5;0
2014-01-25;Sydney;19.3;25.3;2.4;5.6;8.0;1
2014-01-26;Sydney;17.2;22.3;0.2;8.6;2.3;0
2014-01-27;Sydney;16.0;25.5;0.2;3.6;12.7;0
2014-01-28;Sydney;19.6;26.5;0.0;9.4;13.0;0
2014-01-29;Sydney;20.3;29.1;0.0;12.0;13.0;0
2014-01-30;Sydney;21.7;27.9;0.0;9.6;13.0;0
2014-01-31;Sydney;20.3;28.3;0.0;12.6;13.0;0
2014-02-01;Sydney;21.7;28.7;0.0;11.0;10.6;0
2014-02-02;Sydney;22.3;27.4;0.0;7.2;12.7;0
2014-02-03;Sydney;21.3;27.1;0.0;12.0;11.6;0
2014-02-04;Sydney;20.7;25.2;0.0;12.0;1.2;0
2014-02-05;Sydney;17.5;24.5;3.2;5.2;3.1;1
2014-02-06;Sydney;17.1;23.3;1.2;7.2;3.2;1
2014-02-07;Sydney;15.5;25.4;0.2;4.2;12.3;0
2014-02-08;Sydney;19.4;27.3;0.0;9.2;12.1;0
2014-02-09;Sydney;20.6;27.6;0.0;9.6;12.9;0
2014-02-10;Sydney;20.6;27.2;0.0;10.4;0.2;0
2014-02-11;Sydney;20.1;27.7;0.0;7.2;4.0;0
2014-02-12;Sydney;22.1;26.3;0.2;6.0;4.3;0
2014-02-13;Sydney;21.5;27.0;3.4;4.6;7.5;1
2014-02-14;Sydney;20.8;23.5;1.0;8.8;0.0;0
2014-02-15;Sydney;20.9;24.9;1.0;2.2;0.0;0
2014-02-16;Sydney;21.4;25.0;6.0;2.4;0.0;1
2014-02-17;Sydney;18.4;26.4;21.8;7.0;8.3;1
2014-02-18;Sydney;18.9;24.7;0.0;2.4;2.7;0
2014-02-19;Sydney;20.5;29.1;0.0;2.2;1.8;0
2014-02-20;Sydney;20.4;29.1;13.2;4.2;11.2;1
2014-02-21;Sydney;18.0;27.0;0.0;11.4;11.9;0
2014-02-22;Sydney;19.5;24.7;0.0;5.8;9.2;0
2014-02-23;Sydney;19.6;26.5;0.0;8.0;10.7;0
2014-02-24;Sydney;19.1;26.4;0.2;6.4;11.0;0
2014-02-25;Sydney;19.5;26.7;0.0;7.4;11.8;0
2014-02-26;Sydney;19.7;32.4;0.0;9.8;6.2;0
2014-02-27;Sydney;20.3;22.0;4.4;5.2;0.2;1
2014-02-28;Sydney;19.3;21.6;2.4;3.2;0.0;1
2014-03-01;Sydney;18.2;22.7;10.4;1.6;0.0;1
2014-03-02;Sydney;17.9;22.8;6.6;2.4;1.2;1
2014-03-03;Sydney;18.8;26.3;4.6;3.8;3.8;1
2014-03-04;Sydney;19.0;25.4;1.4;2.6;3.3;1
2014-03-05;Sydney;18.1;27.5;0.2;4.0;7.7;0
2014-03-06;Sydney;21.0;26.8;1.6;7.0;5.8;1
2014-03-07;Sydney;19.3;26.9;0.2;5.2;7.5;0
2014-03-08;Sydney;21.6;27.2;0.0;5.6;8.9;0
2014-03-09;Sydney;19.6;27.1;0.0;6.4;11.1;0
2014-03-10;Sydney;21.9;27.5;0.2;6.8;11.0;0
2014-03-11;Sydney;19.6;27.8;0.0;8.6;10.8;0
2014-03-12;Sydney;19.2;29.2;0.0;8.2;6.2;0
2014-03-13;Sydney;18.5;27.0;27.8;7.0;6.2;1
2014-03-14;Sydney;19.3;26.3;0.2;4.0;7.9;0
2014-03-15;Sydney;19.5;26.6;0.0;7.8;5.8;0
2014-03-16;Sydney;19.2;29.3;5.4;5.8;5.8;1
2014-03-17;Sydney;15.1;28.0;5.0;6.2;11.2;1
2014-03-18;Sydney;16.1;29.7;0.2;7.2;10.4;0
2014-03-19;Sydney;19.6;27.9;0.0;6.6;10.1;0
2014-03-20;Sydney;21.7;27.0;0.0;6.2;9.2;0
2014-03-21;Sydney;20.4;26.8;1.0;6.0;5.2;0
2014-03-22;Sydney;18.7;26.7;0.0;6.0;9.5;0
2014-03-23;Sydney;20.3;27.0;0.0;5.2;7.2;0
2014-03-24;Sydney;20.1;23.2;0.4;6.2;0.0;0
2014-03-25;Sydney;17.1;25.2;6.8;4.2;6.5;1
2014-03-26;Sydney;19.7;24.9;0.6;2.8;0.0;0
2014-03-27;Sydney;20.6;22.2;18.0;2.8;0.0;1
2014-03-28;Sydney;18.0;24.7;7.4;1.0;0.0;1
2014-03-29;Sydney;18.7;25.7;0.8;3.6;5.6;0
2014-03-30;Sydney;19.4;27.0;0.2;3.6;10.1;0
2014-03-31;Sydney;17.5;25.0;3.6;5.0;10.2;1
2014-04-01;Sydney;17.5;26.4;0.0;3.2;6.2;0
2014-04-02;Sydney;18.1;26.0;0.0;4.8;10.9;0
2014-04-03;Sydney;18.9;26.3;0.0;3.0;8.8;0
2014-04-04;Sydney;19.9;22.3;0.0;6.0;0.0;0
2014-04-05;Sydney;18.0;26.0;5.6;9.2;6.4;1
2014-04-06;Sydney;17.2;21.7;3.4;4.6;1.1;1
2014-04-07;Sydney;15.3;22.4;16.0;4.2;3.3;1
2014-04-08;Sydney;17.2;23.2;5.0;5.2;1.2;1
2014-04-09;Sydney;15.9;24.1;0.0;0.4;4.6;0
2014-04-10;Sydney;17.8;24.7;0.0;2.6;0.0;0
2014-04-11;Sydney;18.9;28.0;5.6;1.6;3.7;1
2014-04-12;Sydney;17.9;21.0;5.0;3.8;0.7;1
2014-04-13;Sydney;16.0;20.6;3.8;1.4;1.0;1
2014-04-14;Sydney;13.5;21.0;2.8;3.6;3.3;1
2014-04-15;Sydney;13.4;21.9;4.2;3.4;3.5;1
2014-04-16;Sydney;14.3;23.3;29.6;3.2;9.0;1
2014-04-17;Sydney;13.1;23.7;0.0;5.2;9.0;0
2014-04-18;Sydney;13.5;26.5;0.0;2.2;10.8;0
2014-04-19;Sydney;15.0;22.7;0.0;3.8;10.7;0
2014-04-20;Sydney;13.2;22.9;0.0;5.2;10.4;0
2014-04-21;Sydney;13.2;25.3;0.0;4.0;9.7;0
2014-04-22;Sydney;12.4;25.8;0.0;4.0;7.9;0
2014-04-23;Sydney;13.4;26.1;0.0;4.2;9.0;0
2014-04-24;Sydney;14.1;29.9;0.0;3.8;9.1;0
2014-04-25;Sydney;17.6;20.9;6.8;4.6;3.2;1
2014-04-26;Sydney;15.5;23.1;9.2;2.0;1.2;1
2014-04-27;Sydney;16.9;17.9;0.4;2.2;0.0;0
2014-04-28;Sydney;15.0;20.6;20.2;1.0;2.8;1
2014-04-29;Sydney;14.9;25.7;0.0;3.0;8.5;0
2014-04-30;Sydney;18.2;25.3;3.4;5.0;7.1;1
2014-05-01;Sydney;11.3;23.0;0.0;5.2;10.2;0
2014-05-02;Sydney;13.3;22.2;0.0;2.8;7.3;0
2014-05-03;Sydney;11.7;15.7;1.2;5.6;1.1;1
2014-05-04;Sydney;10.8;20.5;3.8;3.8;8.5;1
2014-05-05;Sydney;10.3;20.9;0.0;5.4;10.4;0
2014-05-06;Sydney;10.7;23.4;0.0;3.4;8.2;0
2014-05-07;Sydney;11.2;20.7;0.0;3.2;9.7;0
2014-05-08;Sydney;11.1;21.0;0.0;5.8;6.2;0
2014-05-09;Sydney;11.8;21.9;7.4;3.0;3.0;1
2014-05-10;Sydney;12.0;24.8;0.4;2.2;5.2;0
2014-05-11;Sydney;14.4;22.9;0.8;2.0;8.3;0
2014-05-12;Sydney;12.6;23.0;0.0;4.0;8.8;0
2014-05-13;Sydney;13.7;23.0;11.2;4.8;8.8;1
2014-05-14;Sydney;12.6;23.2;0.2;1.8;9.5;0
2014-05-15;Sydney;11.7;22.9;0.0;4.0;10.0;0
2014-05-16;Sydney;12.0;25.3;0.0;3.2;9.9;0
2014-05-17;Sydney;12.0;24.2;0.0;4.0;9.1;0
2014-05-18;Sydney;13.0;24.8;0.0;3.4;2.8;0
2014-05-19;Sydney;13.1;26.1;0.0;2.4;7.5;0
2014-05-20;Sydney;14.4;25.5;0.0;3.2;4.7;0
2014-05-21;Sydney;14.8;23.5;0.0;3.6;9.8;0
2014-05-22;Sydney;13.1;27.1;0.0;2.2;9.4;0
2014-05-23;Sydney;13.9;25.1;0.0;4.0;8.0;0
2014-05-24;Sydney;15.7;25.2;0.0;4.8;7.4;0
2014-05-25;Sydney;15.5;26.9;0.0;3.4;7.1;0
2014-05-26;Sydney;14.1;23.6;0.0;3.4;9.4;0
2014-05-27;Sydney;16.0;24.0;0.0;2.6;3.0;0
2014-05-28;Sydney;17.1;24.1;0.0;5.6;9.6;0
2014-05-29;Sydney;12.8;21.3;0.0;5.4;7.7;0
2014-05-30;Sydney;14.5;21.4;0.0;4.4;5.2;0
2014-05-31;Sydney;14.3;20.7;2.4;1.0;7.5;1
2014-06-01;Sydney;14.8;20.7;11.2;5.0;0.4;1
2014-06-02;Sydney;12.4;22.3;1.0;2.0;5.9;0
2014-06-03;Sydney;10.5;20.3;0.0;1.8;9.9;0
2014-06-04;Sydney;11.2;22.3;0.0;3.6;9.6;0
2014-06-05;Sydney;13.6;19.8;8.6;4.0;0.4;1
2014-06-06;Sydney;14.5;15.5;13.2;7.2;0.5;1
2014-06-07;Sydney;10.1;19.4;6.8;2.4;7.8;1
2014-06-08;Sydney;10.5;17.7;0.0;3.6;6.3;0
2014-06-09;Sydney;8.6;18.4;2.2;2.6;5.1;1
2014-06-10;Sydney;10.4;19.2;13.8;2.0;3.6;1
2014-06-11;Sydney;10.4;19.6;5.6;2.2;5.6;1
2014-06-12;Sydney;11.1;20.4;0.0;1.0;5.8;0
2014-06-13;Sydney;10.7;20.9;0.0;2.4;3.3;0
2014-06-14;Sydney;11.8;19.9;5.0;2.4;3.9;1
2014-06-15;Sydney;10.3;17.2;0.2;2.6;1.2;0
2014-06-16;Sydney;9.3;19.5;0.4;0.8;9.7;0
2014-06-17;Sydney;10.0;19.8;0.0;4.4;9.1;0
2014-06-18;Sydney;11.4;20.4;0.0;1.8;9.4;0
2014-06-19;Sydney;10.6;21.5;0.0;1.8;8.5;0
2014-06-20;Sydney;12.0;21.3;0.0;4.6;6.3;0
2014-06-21;Sydney;10.5;21.9;0.0;2.4;9.5;0
2014-06-22;Sydney;11.1;19.7;0.0;3.4;4.4;0
2014-06-23;Sydney;10.0;16.6;0.0;0.6;1.8;0
2014-06-24;Sydney;11.5;16.7;0.0;6.2;9.7;0
2014-06-25;Sydney;11.1;18.1;0.0;4.0;9.7;0
2014-06-26;Sydney;10.7;22.2;0.0;4.8;9.8;0
2014-06-27;Sydney;10.4;21.2;0.0;4.0;8.1;0
2014-06-28;Sydney;12.0;22.8;0.0;5.0;6.9;0
2014-06-29;Sydney;10.0;16.4;0.0;7.0;9.6;0
2014-06-30;Sydney;9.4;16.1;0.0;3.8;9.4;0
2014-07-01;Sydney;8.9;19.1;0.0;3.0;9.3;0
2014-07-02;Sydney;7.4;20.2;0.0;3.8;9.6;0
2014-07-03;Sydney;6.7;18.3;0.0;1.2;9.6;0
2014-07-04;Sydney;6.7;20.4;0.0;2.4;9.9;0
2014-07-05;Sydney;8.2;18.0;0.0;3.6;9.6;0
2014-07-06;Sydney;8.2;18.1;0.0;4.0;9.9;0
2014-07-07;Sydney;8.3;19.5;0.0;3.0;9.2;0
2014-07-08;Sydney;7.9;18.7;0.0;3.8;9.7;0
2014-07-09;Sydney;6.6;21.3;0.0;2.6;9.4;0
2014-07-10;Sydney;8.8;17.3;0.2;5.8;9.8;0
2014-07-11;Sydney;9.0;18.5;0.0;4.0;9.9;0
2014-07-12;Sydney;6.4;18.5;0.2;3.4;9.5;0
2014-07-13;Sydney;6.5;16.3;0.0;3.6;9.6;0
2014-07-14;Sydney;6.6;17.9;0.0;3.2;5.1;0
2014-07-15;Sydney;9.2;15.6;1.6;0.4;0.0;1
2014-07-16;Sydney;11.4;18.5;1.8;1.2;3.9;1
2014-07-17;Sydney;9.5;19.9;0.0;2.0;9.4;0
2014-07-18;Sydney;8.6;15.9;0.0;4.0;7.9;0
2014-07-19;Sydney;8.5;14.9;0.0;4.6;3.2;0
2014-07-20;Sydney;9.8;15.3;0.2;4.0;1.1;0
2014-07-21;Sydney;8.9;18.3;0.0;2.0;7.5;0
2014-07-22;Sydney;8.7;19.0;0.0;1.4;9.6;0
2014-07-23;Sydney;8.9;18.9;0.0;3.2;6.7;0
2014-07-24;Sydney;8.5;19.8;0.0;0.6;2.4;0
2014-07-25;Sydney;9.6;18.8;0.0;2.8;2.6;0
2014-07-26;Sydney;11.3;18.7;8.2;2.0;4.2;1
2014-07-27;Sydney;9.4;21.0;4.2;1.8;10.2;1
2014-07-28;Sydney;8.8;18.5;0.0;3.2;6.7;0
2014-07-29;Sydney;11.8;23.3;0.0;4.0;5.1;0
2014-07-30;Sydney;13.0;24.0;0.0;6.2;10.2;0
2014-07-31;Sydney;13.9;25.0;0.0;6.6;10.1;0
2014-08-01;Sydney;15.9;18.2;0.0;8.4;10.0;0
2014-08-02;Sydney;7.2;16.1;0.0;6.4;10.0;0
2014-08-03;Sydney;5.5;17.6;0.0;3.8;9.5;0
2014-08-04;Sydney;6.4;17.2;0.0;2.6;10.1;0
2014-08-05;Sydney;7.9;20.6;0.0;1.6;10.2;0
2014-08-06;Sydney;6.5;22.4;0.0;2.6;10.1;0
2014-08-07;Sydney;9.6;20.4;0.0;4.6;6.8;0
2014-08-08;Sydney;9.1;18.1;0.0;2.6;4.0;0
2014-08-09;Sydney;8.9;19.2;0.0;1.8;6.8;0
2014-08-10;Sydney;9.9;23.2;0.0;3.0;3.5;0
2014-08-11;Sydney;8.1;14.4;0.0;3.4;4.5;0
2014-08-12;Sydney;6.3;15.4;21.4;5.6;3.9;1
2014-08-13;Sydney;7.9;17.0;19.4;3.6;10.1;1
2014-08-14;Sydney;6.4;19.3;0.2;2.8;10.3;0
2014-08-15;Sydney;7.9;19.0;0.0;3.4;9.3;0
2014-08-16;Sydney;8.7;16.8;0.0;1.2;0.3;0
2014-08-19;Sydney;12.8;17.7;38.4;4.4;3.0;1
2014-08-20;Sydney;9.5;17.1;8.2;4.6;5.0;1
2014-08-21;Sydney;9.4;18.1;10.8;2.0;7.1;1
2014-08-22;Sydney;11.2;19.6;10.2;2.4;10.1;1
2014-08-23;Sydney;9.9;19.3;3.2;3.2;2.9;1
2014-08-24;Sydney;11.1;19.4;3.8;0.2;7.3;1
2014-08-25;Sydney;10.5;19.3;0.0;3.2;8.9;0
2014-08-26;Sydney;11.6;15.6;12.6;4.6;0.0;1
2014-08-27;Sydney;13.4;19.8;13.2;3.2;5.3;1
2014-08-28;Sydney;12.3;19.7;15.2;6.6;8.8;1
2014-08-29;Sydney;9.4;18.0;2.0;3.8;5.4;1
2014-08-30;Sydney;12.0;16.1;3.2;3.8;2.7;1
2014-08-31;Sydney;11.7;20.8;3.0;1.0;9.5;1
2014-09-01;Sydney;10.7;23.6;0.0;3.2;8.7;0
2014-09-02;Sydney;14.1;18.4;0.2;5.2;1.5;0
2014-09-03;Sydney;8.9;16.7;5.0;4.2;7.7;1
2014-09-04;Sydney;9.8;17.6;0.2;3.0;8.3;0
2014-09-05;Sydney;8.8;18.2;4.4;3.6;8.7;1
2014-09-06;Sydney;10.3;19.1;11.0;3.2;2.3;1
2014-09-07;Sydney;11.2;19.0;18.4;3.6;6.9;1
2014-09-08;Sydney;10.9;19.5;1.0;2.4;10.5;0
2014-09-09;Sydney;12.2;23.1;0.0;5.0;10.3;0
2014-09-10;Sydney;14.0;24.4;5.0;6.8;8.3;1
2014-09-11;Sydney;12.1;25.8;0.2;5.2;10.9;0
2014-09-12;Sydney;13.9;18.4;0.2;6.8;1.8;0
2014-09-13;Sydney;12.9;17.6;0.8;2.4;3.8;0
2014-09-14;Sydney;12.9;22.6;0.4;2.8;9.5;0
2014-09-15;Sydney;13.1;20.1;0.0;3.8;10.1;0
2014-09-18;Sydney;12.2;20.5;0.0;7.0;10.8;0
2014-09-19;Sydney;9.2;22.2;0.0;5.4;9.7;0
2014-09-20;Sydney;9.1;20.3;0.0;4.2;11.0;0
2014-09-21;Sydney;10.9;20.9;1.0;3.6;8.0;0
2014-09-22;Sydney;12.3;20.2;0.2;4.8;10.6;0
2014-09-23;Sydney;10.9;21.2;0.0;4.0;10.9;0
2014-09-24;Sydney;11.7;22.2;0.0;5.4;10.7;0
2014-09-25;Sydney;17.4;24.6;0.0;6.2;1.2;0
2014-09-26;Sydney;14.3;21.7;2.0;3.0;8.3;1
2014-09-27;Sydney;13.0;22.8;0.2;5.0;11.1;0
2014-09-28;Sydney;11.6;25.4;0.2;5.4;11.2;0
2014-09-29;Sydney;16.5;32.9;0.0;8.0;10.6;0
2014-09-30;Sydney;16.6;33.5;0.0;8.0;6.8;0
2014-10-01;Sydney;15.6;22.1;0.0;12.0;11.3;0
2014-10-02;Sydney;10.4;24.9;0.0;7.2;11.1;0
2014-10-03;Sydney;12.8;21.1;0.0;5.8;6.3;0
2014-10-04;Sydney;16.4;21.9;0.0;3.0;8.5;0
2014-10-05;Sydney;14.0;33.8;0.0;4.4;10.6;0
2014-10-06;Sydney;17.3;26.0;0.0;8.8;8.3;0
2014-10-07;Sydney;19.7;27.9;0.0;8.0;7.7;0
2014-10-08;Sydney;15.1;21.1;5.4;4.6;3.7;1
2014-10-09;Sydney;14.4;21.2;0.0;4.8;8.5;0
2014-10-10;Sydney;14.0;22.8;0.2;4.8;7.9;0
2014-10-11;Sydney;14.4;26.8;0.0;5.4;11.1;0
2014-10-12;Sydney;17.0;24.7;0.0;7.8;11.2;0
2014-10-13;Sydney;17.9;26.2;0.0;8.8;5.0;0
2014-10-14;Sydney;13.2;17.6;9.4;5.8;3.0;1
2014-10-16;Sydney;9.0;23.4;0.2;4.0;11.7;0
2014-10-17;Sydney;12.2;20.8;0.0;4.0;8.8;0
2014-10-18;Sydney;12.9;20.4;0.0;7.6;6.2;0
2014-10-19;Sydney;12.4;23.9;0.0;2.6;12.0;0
2014-10-20;Sydney;15.8;20.8;0.0;10.6;4.0;0
2014-10-21;Sydney;15.0;18.7;0.4;2.6;0.0;0
2014-10-22;Sydney;15.0;21.3;0.0;5.0;9.2;0
2014-10-23;Sydney;14.5;28.0;0.0;6.0;10.7;0
2014-10-24;Sydney;18.6;26.4;0.0;5.8;7.1;0
2014-10-25;Sydney;18.5;29.9;0.2;6.0;8.4;0
2014-10-26;Sydney;18.5;32.5;0.0;5.0;11.2;0
2014-10-27;Sydney;19.4;31.6;0.0;6.6;8.9;0
2014-10-28;Sydney;15.9;28.9;0.0;7.8;10.4;0
2014-10-29;Sydney;16.6;24.6;0.0;7.2;11.4;0
2014-10-30;Sydney;15.5;30.8;0.0;5.8;12.6;0
2014-11-02;Sydney;13.7;23.5;2.4;15.0;12.9;1
2014-11-03;Sydney;13.8;21.5;0.2;7.8;6.8;0
2014-11-04;Sydney;16.1;21.8;0.0;6.6;8.8;0
2014-11-05;Sydney;17.7;23.5;0.0;6.0;3.8;0
2014-11-06;Sydney;15.5;23.2;2.0;5.6;9.5;1
2014-11-07;Sydney;16.5;22.1;0.0;6.2;11.9;0
2014-11-08;Sydney;14.4;23.1;0.0;6.4;12.3;0
2014-11-09;Sydney;16.5;26.2;0.0;6.8;10.9;0
2014-11-10;Sydney;18.7;23.6;0.0;8.0;3.2;0
2014-11-11;Sydney;16.6;23.2;0.0;4.2;5.1;0
2014-11-12;Sydney;16.4;22.2;0.0;4.6;6.1;0
2014-11-13;Sydney;18.5;23.5;0.0;6.8;6.6;0
2014-11-14;Sydney;17.7;32.2;0.0;4.8;11.2;0
2014-11-15;Sydney;18.9;24.1;0.0;12.8;2.3;0
2014-11-16;Sydney;18.1;28.5;5.6;5.0;7.3;1
2014-11-17;Sydney;15.2;25.5;0.4;7.0;12.6;0
2014-11-18;Sydney;18.6;26.7;0.0;8.0;11.7;0
2014-11-19;Sydney;18.1;24.9;0.0;8.0;10.1;0
2014-11-20;Sydney;18.8;31.1;0.0;6.8;10.6;0
2014-11-21;Sydney;22.1;33.9;0.0;8.4;11.0;0
2014-11-22;Sydney;19.1;26.3;0.0;10.0;9.3;0
2014-11-23;Sydney;19.6;30.1;0.0;6.0;10.6;0
2014-11-24;Sydney;21.1;30.2;0.0;7.2;6.4;0
2014-11-25;Sydney;21.8;24.7;5.0;6.6;5.6;1
2014-11-26;Sydney;19.3;23.3;0.0;7.4;7.3;0
2014-11-30;Sydney;19.1;26.8;0.0;8.0;8.4;0
2014-12-01;Sydney;19.6;26.8;3.2;9.8;8.0;1
2014-12-02;Sydney;19.0;28.9;8.2;8.6;10.7;1
2014-12-03;Sydney;21.6;29.3;1.0;8.4;7.6;0
2014-12-04;Sydney;20.0;26.9;23.8;8.0;0.0;1
2014-12-05;Sydney;19.6;27.2;6.2;11.0;6.9;1
2014-12-06;Sydney;20.5;26.7;1.8;5.6;6.6;1
2014-12-07;Sydney;18.7;27.2;5.4;7.8;8.9;1
2014-12-08;Sydney;18.9;32.0;15.8;8.6;7.5;1
2014-12-09;Sydney;21.1;23.8;0.4;7.4;2.1;0
2014-12-10;Sydney;20.4;25.3;0.0;5.0;2.6;0
2014-12-11;Sydney;20.7;22.0;9.8;3.4;0.7;1
2014-12-13;Sydney;16.7;24.1;0.0;8.4;9.7;0
2014-12-14;Sydney;15.3;24.4;0.0;8.0;10.8;0
2014-12-15;Sydney;17.8;25.9;0.0;8.0;13.0;0
2014-12-16;Sydney;20.0;25.0;0.0;11.4;8.7;0
2014-12-17;Sydney;19.2;23.8;0.0;7.6;5.8;0
2014-12-18;Sydney;18.3;25.3;0.0;6.8;5.6;0
2014-12-19;Sydney;18.2;24.1;0.0;6.6;10.8;0
2014-12-20;Sydney;18.0;23.1;0.0;8.4;9.5;0
2014-12-21;Sydney;16.8;25.7;0.0;7.0;12.6;0
2014-12-22;Sydney;20.5;26.4;0.0;9.2;8.8;0
2014-12-23;Sydney;20.7;26.1;0.0;8.2;4.6;0
2014-12-24;Sydney;21.0;24.3;1.6;5.0;3.3;1
2014-12-25;Sydney;19.8;26.8;0.0;5.8;5.3;0
2014-12-26;Sydney;19.9;30.4;28.6;4.0;8.9;1
2014-12-27;Sydney;18.8;21.7;0.0;10.6;0.0;0
2014-12-28;Sydney;18.9;24.2;0.0;4.0;2.0;0
2014-12-29;Sydney;17.7;27.3;0.0;5.4;12.6;0
2014-12-30;Sydney;19.4;28.1;0.0;8.0;12.7;0
2014-12-31;Sydney;19.3;25.2;0.0;9.6;8.0;0
2015-01-01;Sydney;21.4;28.4;0.0;6.8;11.0;0
2015-01-02;Sydney;21.2;28.5;0.0;9.2;3.6;0
2015-01-03;Sydney;22.0;28.8;0.0;4.0;12.0;0
2015-01-04;Sydney;22.4;30.4;0.0;10.2;8.9;0
2015-01-05;Sydney;20.5;26.3;0.2;10.0;3.4;0
2015-01-06;Sydney;21.3;28.2;0.2;4.0;11.8;0
2015-01-07;Sydney;22.8;29.3;0.0;6.6;12.4;0
2015-01-08;Sydney;21.2;28.0;0.0;9.2;13.0;0
2015-01-09;Sydney;21.8;29.9;0.0;13.6;8.7;0
2015-01-10;Sydney;22.0;28.7;0.0;7.4;1.0;0
2015-01-11;Sydney;20.6;22.9;21.0;7.4;0.0;1
2015-01-13;Sydney;18.9;28.8;4.8;5.4;7.5;1
2015-01-14;Sydney;21.1;34.2;0.0;6.2;12.7;0
2015-01-15;Sydney;22.0;29.0;0.0;11.0;11.7;0
2015-01-16;Sydney;21.2;27.6;0.0;8.2;12.9;0
2015-01-17;Sydney;20.7;35.7;0.0;3.2;13.4;0
2015-01-18;Sydney;20.7;29.1;0.0;10.2;11.8;0
2015-01-19;Sydney;20.9;22.7;0.0;10.4;0.1;0
2015-01-20;Sydney;18.1;24.8;6.2;3.4;7.3;1
2015-01-21;Sydney;19.7;28.0;18.0;7.4;10.5;1
2015-01-22;Sydney;22.5;28.3;0.2;8.4;11.7;0
2015-01-23;Sydney;22.4;29.1;0.0;8.0;10.5;0
2015-01-24;Sydney;22.7;29.1;0.0;9.2;9.8;0
2015-01-25;Sydney;21.6;34.4;1.0;8.0;11.2;0
2015-01-26;Sydney;20.2;20.4;0.6;10.6;0.0;0
2015-01-27;Sydney;18.9;20.4;33.0;5.4;0.0;1
2015-01-28;Sydney;17.3;20.5;57.0;7.2;2.3;1
2015-01-29;Sydney;14.6;24.3;14.0;2.8;12.2;1
2015-01-30;Sydney;15.2;27.3;0.0;8.8;11.2;0
2015-01-31;Sydney;17.0;26.1;0.0;5.8;11.7;0
2015-02-01;Sydney;19.3;26.6;0.0;9.4;7.0;0
2015-02-02;Sydney;18.0;25.0;3.4;6.6;8.7;1
2015-02-03;Sydney;18.5;26.5;1.0;8.6;9.8;0
2015-02-04;Sydney;17.3;25.6;1.2;6.4;6.6;1
2015-02-05;Sydney;18.6;24.3;7.4;7.2;0.5;1
2015-02-06;Sydney;17.6;25.6;0.2;4.2;7.8;0
2015-02-07;Sydney;18.8;26.5;0.0;5.4;6.9;0
2015-02-08;Sydney;18.9;32.1;0.0;5.6;12.2;0
2015-02-09;Sydney;22.7;25.9;0.0;8.0;1.2;0
2015-02-10;Sydney;21.5;28.2;0.0;5.8;7.7;0
2015-02-11;Sydney;22.8;28.6;0.2;5.8;11.3;0
2015-02-12;Sydney;21.0;28.8;0.0;8.0;10.0;0
2015-02-13;Sydney;20.4;28.1;6.8;7.8;4.6;1
2015-02-14;Sydney;20.4;27.2;4.4;5.0;6.7;1
2015-02-15;Sydney;20.3;29.4;0.6;5.6;8.8;0
2015-02-16;Sydney;22.1;28.0;0.0;8.0;11.1;0
2015-02-17;Sydney;21.9;27.8;0.0;8.4;12.2;0
2015-02-18;Sydney;22.2;27.6;0.0;10.4;12.2;0
2015-02-19;Sydney;22.2;27.6;0.2;9.6;5.1;0
2015-02-20;Sydney;21.7;26.8;0.0;5.0;1.8;0
2015-02-21;Sydney;20.5;25.6;1.0;2.8;0.0;0
2015-02-22;Sydney;20.7;27.4;1.2;3.4;10.7;1
2015-02-23;Sydney;22.4;27.6;0.0;6.6;5.5;0
2015-02-24;Sydney;22.2;25.6;0.2;5.2;6.2;0
2015-02-25;Sydney;20.1;23.8;0.0;6.6;9.1;0
2015-02-26;Sydney;19.9;25.8;4.2;2.2;4.7;1
2015-02-27;Sydney;20.0;27.5;26.8;4.6;8.4;1
2015-02-28;Sydney;20.1;27.0;0.2;5.6;6.0;0
2015-03-01;Sydney;22.0;36.4;0.0;6.0;7.0;0
2015-03-02;Sydney;18.2;24.6;11.4;10.6;3.3;1
2015-03-03;Sydney;16.8;27.7;0.2;5.0;8.0;0
2015-03-04;Sydney;21.5;27.9;0.0;6.6;7.4;0
2015-03-05;Sydney;20.4;28.6;0.0;4.8;9.8;0
2015-03-06;Sydney;16.2;30.9;0.0;8.8;11.3;0
2015-03-07;Sydney;19.3;25.4;0.0;8.0;7.3;0
2015-03-08;Sydney;19.6;27.6;0.0;5.8;6.7;0
2015-03-09;Sydney;20.3;31.2;0.0;4.0;11.0;0
2015-03-10;Sydney;21.1;24.5;0.0;7.2;0.9;0
2015-03-11;Sydney;21.3;27.9;0.0;1.2;7.6;0
2015-03-12;Sydney;20.0;28.7;0.2;6.2;9.8;0
2015-03-13;Sydney;20.1;21.9;0.6;6.2;0.3;0
2015-03-14;Sydney;15.8;24.5;1.2;3.4;8.9;1
2015-03-15;Sydney;17.7;24.9;0.0;5.6;5.1;0
2015-03-16;Sydney;16.3;23.6;8.8;7.4;6.1;1
2015-03-17;Sydney;15.3;24.4;0.0;4.8;3.9;0
2015-03-18;Sydney;19.7;29.9;0.0;5.8;7.8;0
2015-03-19;Sydney;19.6;28.9;0.2;3.0;10.5;0
2015-03-20;Sydney;20.0;31.4;0.0;5.2;8.0;0
2015-03-21;Sydney;18.3;23.1;2.0;7.6;0.9;1
2015-03-22;Sydney;18.6;24.4;2.2;5.4;1.6;1
2015-03-23;Sydney;18.4;26.5;1.4;3.4;8.7;1
2015-03-24;Sydney;20.6;27.6;0.2;6.8;2.2;0
2015-03-25;Sydney;15.0;24.8;22.4;3.4;9.7;1
2015-03-26;Sydney;16.9;28.7;0.2;5.8;10.4;0
2015-03-27;Sydney;14.7;27.6;0.0;7.0;11.2;0
2015-03-28;Sydney;14.7;24.5;0.0;7.0;10.9;0
2015-03-29;Sydney;15.2;24.7;0.0;5.0;6.4;0
2015-03-30;Sydney;17.3;23.9;0.0;4.8;2.7;0
2015-03-31;Sydney;17.3;24.1;14.2;3.0;3.8;1
2015-04-01;Sydney;17.8;25.3;6.0;4.2;9.9;1
2015-04-02;Sydney;18.5;27.9;0.0;4.2;3.9;0
2015-04-03;Sydney;17.9;19.0;0.6;6.4;0.0;0
2015-04-04;Sydney;17.7;20.1;24.0;5.4;0.0;1
2015-04-05;Sydney;15.5;25.9;21.4;2.2;9.7;1
2015-04-06;Sydney;15.8;24.9;0.0;4.0;5.1;0
2015-04-07;Sydney;15.1;23.0;0.4;3.2;9.8;0
2015-04-08;Sydney;14.2;22.3;5.8;5.6;4.6;1
2015-04-09;Sydney;15.3;22.2;0.2;6.6;6.1;0
2015-04-10;Sydney;14.7;22.4;0.4;5.2;6.0;0
2015-04-11;Sydney;15.6;22.7;7.8;1.8;4.6;1
2015-04-12;Sydney;14.8;23.5;0.2;2.0;8.8;0
2015-04-13;Sydney;14.8;22.2;0.0;4.0;10.2;0
2015-04-14;Sydney;14.5;22.4;0.0;4.2;8.5;0
2015-04-15;Sydney;15.0;24.2;0.0;5.0;8.7;0
2015-04-16;Sydney;17.7;31.7;0.6;3.2;10.4;0
2015-04-17;Sydney;19.9;23.7;1.6;4.0;0.0;1
2015-04-18;Sydney;19.7;28.6;0.4;2.0;5.0;0
2015-04-19;Sydney;18.0;22.5;2.4;6.6;6.6;1
2015-04-20;Sydney;13.6;17.2;13.2;3.2;0.0;1
2015-04-24;Sydney;15.0;25.1;0.0;2.2;8.5;0
2015-04-25;Sydney;14.4;25.9;0.2;4.4;8.1;0
2015-04-26;Sydney;12.7;17.1;13.0;4.0;1.3;1
2015-04-27;Sydney;12.5;20.9;4.0;0.4;10.5;1
2015-04-28;Sydney;10.3;20.9;0.2;5.6;10.4;0
2015-04-29;Sydney;10.6;18.9;0.0;4.0;0.9;0
2015-04-30;Sydney;14.0;20.9;10.2;3.8;3.0;1
2015-05-01;Sydney;14.1;21.7;28.4;2.2;1.0;1
2015-05-02;Sydney;16.6;23.0;8.6;2.6;2.3;1
2015-05-03;Sydney;18.9;20.9;31.6;1.2;0.4;1
2015-05-04;Sydney;17.3;21.8;0.4;1.8;0.3;0
2015-05-05;Sydney;14.7;27.5;0.0;1.6;9.8;0
2015-05-06;Sydney;13.4;21.0;0.2;6.4;10.0;0
2015-05-07;Sydney;11.5;20.3;0.0;6.6;10.3;0
2015-05-08;Sydney;11.1;21.0;0.0;5.2;10.3;0
2015-05-09;Sydney;11.4;21.0;0.0;2.8;10.3;0
2015-05-10;Sydney;11.3;21.2;0.0;4.8;7.8;0
2015-05-11;Sydney;15.4;21.9;0.0;5.0;10.2;0
2015-05-12;Sydney;12.2;22.5;0.0;6.6;10.3;0
2015-05-13;Sydney;13.2;17.3;0.0;4.6;7.7;0
2015-05-14;Sydney;7.9;19.3;2.2;4.0;10.1;1
2015-05-15;Sydney;10.2;20.0;0.2;4.4;7.8;0
2015-05-16;Sydney;13.0;20.8;0.8;2.8;9.3;0
2015-05-17;Sydney;11.1;20.5;0.6;3.0;3.0;0
2015-05-18;Sydney;11.5;19.3;0.0;2.0;0.5;0
2015-05-19;Sydney;13.8;21.5;0.2;0.4;1.8;0
2015-05-20;Sydney;16.2;25.4;0.4;1.4;5.8;0
2015-05-21;Sydney;14.5;21.8;0.2;4.0;5.8;0
2015-05-22;Sydney;13.0;17.7;11.2;3.4;1.4;1
2015-05-23;Sydney;10.2;19.0;24.4;5.6;8.6;1
2015-05-24;Sydney;8.3;20.3;0.2;2.8;8.1;0
2015-05-25;Sydney;9.4;19.5;0.0;2.6;6.0;0
2015-05-26;Sydney;8.5;19.0;0.0;2.0;5.9;0
2015-05-27;Sydney;10.4;21.6;0.0;3.2;8.3;0
2015-05-28;Sydney;11.7;21.0;0.0;1.4;7.6;0
2015-05-29;Sydney;13.6;19.2;0.0;2.0;0.6;0
2015-05-30;Sydney;11.1;18.3;0.2;2.4;1.1;0
2015-05-31;Sydney;11.5;15.0;0.0;3.4;0.0;0
2015-06-01;Sydney;10.1;15.9;0.0;0.4;8.6;0
2015-06-02;Sydney;6.1;16.6;0.2;4.6;9.1;0
2015-06-03;Sydney;6.1;18.4;0.0;3.2;8.8;0
2015-06-04;Sydney;7.4;19.0;0.0;1.2;9.0;0
2015-06-05;Sydney;8.9;17.7;0.0;4.0;6.9;0
2015-06-06;Sydney;10.1;21.0;1.0;1.8;6.1;0
2015-06-07;Sydney;9.3;22.6;0.0;2.2;9.5;0
2015-06-08;Sydney;10.8;22.9;0.0;2.8;8.1;0
2015-06-09;Sydney;13.6;22.6;0.0;4.0;6.5;0
2015-06-10;Sydney;12.8;14.6;2.0;3.0;0.0;1
2015-06-11;Sydney;11.7;16.1;6.6;0.6;0.2;1
2015-06-12;Sydney;12.6;19.4;0.4;1.4;0.7;0
2015-06-13;Sydney;13.1;19.7;0.0;2.4;4.5;0
2015-06-14;Sydney;9.5;19.9;0.0;2.0;8.3;0
2015-06-15;Sydney;10.9;16.9;0.2;4.0;0.6;0
2015-06-17;Sydney;14.7;17.6;10.8;0.6;0.0;1
2015-06-18;Sydney;11.4;17.4;2.2;1.0;0.8;1
2015-06-20;Sydney;8.3;16.6;7.2;2.2;8.6;1
2015-06-21;Sydney;8.5;14.1;1.2;2.2;0.0;1
2015-06-22;Sydney;8.0;19.2;3.0;0.6;7.7;1
2015-06-23;Sydney;8.0;20.3;0.0;2.0;8.1;0
2015-06-24;Sydney;10.2;21.3;0.0;3.0;6.5;0
2015-06-25;Sydney;12.7;19.4;0.0;2.4;4.2;0
2015-06-26;Sydney;10.1;19.2;6.2;2.0;7.2;1
2015-06-27;Sydney;8.3;19.4;0.0;1.8;9.7;0
2015-06-28;Sydney;7.4;19.6;0.0;2.6;9.5;0
2015-06-29;Sydney;9.3;19.5;0.0;1.0;5.1;0
2015-06-30;Sydney;9.0;19.1;0.0;1.2;4.3;0
2015-07-01;Sydney;10.7;17.5;1.0;0.6;8.7;0
2015-07-02;Sydney;7.0;16.4;0.0;3.0;8.1;0
2015-07-03;Sydney;6.2;16.2;0.0;4.0;9.3;0
2015-07-04;Sydney;5.8;16.1;0.0;0.2;6.8;0
2015-07-05;Sydney;6.0;18.6;0.0;1.6;9.3;0
2015-07-06;Sydney;6.0;17.3;0.0;3.2;9.5;0
2015-07-07;Sydney;7.8;14.7;0.0;3.2;2.7;0
2015-07-08;Sydney;7.9;16.5;5.6;0.6;6.3;1
2015-07-09;Sydney;6.6;17.6;0.0;2.0;9.6;0
2015-07-10;Sydney;7.3;16.9;0.0;1.2;3.2;0
2015-07-11;Sydney;6.6;19.9;0.8;1.4;9.3;0
2015-07-12;Sydney;7.1;15.1;2.2;2.8;4.0;1
2015-07-13;Sydney;8.1;16.9;4.8;4.8;5.5;1
2015-07-14;Sydney;8.6;17.6;0.6;2.0;8.3;0
2015-07-15;Sydney;6.2;16.8;0.2;3.4;9.6;0
2015-07-16;Sydney;8.3;13.4;0.2;3.4;2.6;0
2015-07-17;Sydney;6.2;14.3;17.2;0.0;1.7;1
2015-07-18;Sydney;6.6;14.6;9.0;3.0;4.3;1
2015-07-19;Sydney;7.8;16.7;0.6;2.0;9.0;0
2015-07-20;Sydney;7.8;17.9;0.0;1.6;4.2;0
2015-07-21;Sydney;8.2;19.3;3.0;0.8;9.9;1
2015-07-22;Sydney;9.9;16.9;0.0;4.0;0.9;0
2015-07-23;Sydney;11.2;19.1;1.8;0.8;2.2;1
2015-07-24;Sydney;11.6;20.0;0.0;2.0;3.7;0
2015-07-25;Sydney;10.8;20.8;0.0;2.6;10.1;0
2015-07-26;Sydney;11.0;20.2;0.0;4.6;9.3;0
2015-07-27;Sydney;7.3;15.7;0.0;5.0;10.1;0
2015-07-30;Sydney;8.2;20.5;0.0;1.0;7.6;0
2015-07-31;Sydney;10.7;21.0;0.0;4.8;9.5;0
2015-08-01;Sydney;9.4;22.3;0.0;3.4;9.2;0
2015-08-02;Sydney;14.3;24.7;0.0;5.4;7.8;0
2015-08-03;Sydney;8.4;19.4;0.0;5.4;10.1;0
2015-08-04;Sydney;8.3;15.1;0.0;3.8;4.6;0
2015-08-05;Sydney;5.0;14.2;0.0;0.6;4.8;0
2015-08-06;Sydney;6.8;16.4;0.0;3.8;8.5;0
2015-08-07;Sydney;6.7;18.5;0.0;2.8;10.1;0
2015-08-08;Sydney;7.9;17.5;0.0;2.6;8.9;0
2015-08-09;Sydney;6.2;17.6;0.0;1.8;9.5;0
2015-08-10;Sydney;8.6;20.6;0.0;2.6;10.2;0
2015-08-11;Sydney;9.8;21.0;0.0;5.0;10.5;0
2015-08-12;Sydney;8.4;17.5;0.0;3.8;8.7;0
2015-08-13;Sydney;9.4;19.8;0.0;4.8;10.5;0
2015-08-14;Sydney;7.9;20.4;0.0;4.0;10.5;0
2015-08-15;Sydney;8.2;18.1;0.0;3.0;7.3;0
2015-08-16;Sydney;10.5;19.8;0.0;3.0;9.2;0
2015-08-17;Sydney;9.3;20.5;5.6;2.8;10.4;1
2015-08-18;Sydney;10.9;16.2;0.0;4.4;10.4;0
2015-08-19;Sydney;9.0;17.0;0.0;3.6;6.6;0
2015-08-20;Sydney;8.2;18.9;0.0;2.6;9.8;0
2015-08-21;Sydney;9.4;21.0;0.0;3.8;9.4;0
2015-08-22;Sydney;12.9;28.3;0.0;4.2;9.4;0
2015-08-23;Sydney;15.4;18.5;2.4;6.4;0.2;1
2015-08-24;Sydney;15.1;17.4;4.2;1.8;0.6;1
2015-08-25;Sydney;12.5;19.9;54.4;5.0;4.4;1
2015-08-26;Sydney;12.3;20.2;5.2;2.8;6.3;1
2015-08-27;Sydney;11.6;20.5;0.0;3.0;4.3;0
2015-08-28;Sydney;10.6;20.8;0.0;2.8;9.2;0
2015-08-29;Sydney;9.0;20.3;0.0;4.2;10.8;0
2015-08-30;Sydney;8.3;18.7;0.0;3.6;10.8;0
2015-08-31;Sydney;9.6;19.7;0.0;4.8;10.9;0
2015-09-01;Sydney;9.0;19.7;0.0;3.2;10.8;0
2015-09-02;Sydney;8.0;18.8;0.0;4.0;10.4;0
2015-09-03;Sydney;11.2;20.8;2.8;5.6;8.0;1
2015-09-04;Sydney;12.5;19.5;20.4;4.0;5.7;1
2015-09-05;Sydney;11.5;21.7;0.0;2.8;9.3;0
2015-09-06;Sydney;12.7;17.5;0.4;5.4;1.0;0
2015-09-07;Sydney;11.1;24.9;0.2;0.6;9.3;0
2015-09-08;Sydney;10.0;20.0;0.0;6.8;11.0;0
2015-09-09;Sydney;9.8;20.2;0.0;5.0;10.9;0
2015-09-10;Sydney;11.3;19.6;0.0;4.8;6.5;0
2015-09-11;Sydney;14.0;21.3;0.0;4.0;9.1;0
2015-09-12;Sydney;10.9;25.4;0.0;7.4;10.4;0
2015-09-13;Sydney;12.4;22.3;0.0;3.8;10.6;0
2015-09-14;Sydney;15.3;23.6;0.0;5.0;10.7;0
2015-09-15;Sydney;15.8;29.8;0.0;6.4;11.0;0
2015-09-16;Sydney;12.4;21.1;0.0;10.2;10.2;0
2015-09-17;Sydney;12.2;19.9;0.0;4.2;8.2;0
2015-09-18;Sydney;13.6;20.0;2.2;6.4;7.7;1
2015-09-19;Sydney;12.5;19.5;10.8;5.4;7.3;1
2015-09-20;Sydney;12.5;18.6;0.4;4.0;3.4;0
2015-09-21;Sydney;12.4;22.5;0.2;1.6;10.4;0
2015-09-22;Sydney;14.6;19.5;0.2;6.2;9.2;0
2015-09-23;Sydney;10.0;16.2;0.2;8.8;6.5;0
2015-09-24;Sydney;8.3;16.3;3.2;4.0;6.1;1
2015-09-25;Sydney;10.1;16.4;31.8;2.8;4.3;1
2015-09-26;Sydney;11.1;20.1;3.4;4.4;7.7;1
2015-09-27;Sydney;12.3;19.2;3.6;3.8;6.2;1
2015-09-28;Sydney;10.9;20.8;0.2;4.2;11.0;0
2015-09-29;Sydney;11.9;23.4;0.0;5.8;3.4;0
2015-09-30;Sydney;16.7;21.4;0.0;5.6;6.4;0
2015-10-01;Sydney;16.8;22.9;0.0;5.6;9.6;0
2015-10-02;Sydney;16.5;23.0;0.0;4.8;10.5;0
2015-10-03;Sydney;14.2;27.5;0.0;7.2;11.1;0
2015-10-04;Sydney;19.8;33.8;0.0;8.0;8.2;0
2015-10-05;Sydney;16.1;37.0;0.0;11.0;11.4;0
2015-10-06;Sydney;20.3;32.3;0.0;8.6;11.4;0
2015-10-07;Sydney;19.7;21.5;0.0;13.2;1.3;0
2015-10-08;Sydney;17.0;21.1;0.0;6.6;2.2;0
2015-10-09;Sydney;16.8;22.7;0.0;5.4;8.7;0
2015-10-10;Sydney;15.7;24.3;0.0;6.8;9.5;0
2015-10-11;Sydney;15.0;24.3;0.0;5.6;6.4;0
2015-10-12;Sydney;16.5;29.5;3.6;5.0;9.6;1
2015-10-13;Sydney;17.5;20.4;1.6;7.8;0.8;1
2015-10-14;Sydney;16.9;23.3;3.4;1.4;8.3;1
2015-10-15;Sydney;16.3;24.0;0.0;7.0;12.0;0
2015-10-16;Sydney;17.3;27.5;0.0;6.8;11.9;0
2015-10-17;Sydney;19.1;26.0;0.0;9.8;9.7;0
2015-10-18;Sydney;18.8;23.2;1.4;7.2;3.8;1
2015-10-19;Sydney;19.4;24.6;0.2;4.2;8.2;0
2015-10-20;Sydney;18.7;26.8;0.4;6.8;7.7;0
2015-10-21;Sydney;19.7;27.9;1.0;7.6;3.4;0
2015-10-22;Sydney;18.6;20.5;8.4;5.0;0.7;1
2015-10-23;Sydney;14.5;21.4;14.8;2.8;3.4;1
2015-10-24;Sydney;12.9;22.3;0.2;4.6;12.0;0
2015-10-25;Sydney;15.2;24.9;0.0;7.4;10.2;0
2015-10-26;Sydney;17.5;29.4;0.0;7.0;5.2;0
2015-10-27;Sydney;15.5;19.6;7.6;7.8;2.0;1
2015-10-28;Sydney;13.4;21.2;0.4;3.8;8.2;0
2015-10-29;Sydney;15.7;23.0;0.0;5.4;11.4;0
2015-10-30;Sydney;14.1;23.1;0.0;8.0;9.3;0
2015-10-31;Sydney;17.1;24.2;0.0;8.0;5.7;0
2015-11-01;Sydney;17.5;26.8;0.0;7.8;9.0;0
2015-11-02;Sydney;18.2;30.7;26.0;6.6;9.1;1
2015-11-03;Sydney;18.6;20.0;1.4;6.8;0.0;1
2015-11-04;Sydney;17.1;19.6;3.8;1.4;0.0;1
2015-11-05;Sydney;16.0;23.4;13.0;0.0;0.7;1
2015-11-06;Sydney;18.2;28.3;11.6;3.2;5.2;1
2015-11-07;Sydney;18.4;24.6;10.0;5.6;5.3;1
2015-11-08;Sydney;16.2;21.7;0.4;7.2;4.6;0
2015-11-09;Sydney;13.7;23.3;0.0;6.4;12.3;0
2015-11-10;Sydney;15.2;25.6;0.0;6.0;11.3;0
2015-11-11;Sydney;18.9;23.9;0.0;8.6;0.0;0
2015-11-13;Sydney;18.0;28.8;0.4;8.4;7.4;0
2015-11-14;Sydney;17.7;20.1;18.2;9.0;0.0;1
2015-11-15;Sydney;14.9;20.9;29.6;2.2;0.8;1
2015-11-16;Sydney;14.3;22.6;5.0;4.4;13.0;1
2015-11-17;Sydney;14.4;25.1;0.0;8.0;12.6;0
2015-11-18;Sydney;17.4;36.5;0.0;11.0;13.0;0
2015-11-19;Sydney;18.8;31.2;0.0;10.4;12.5;0
2015-11-20;Sydney;21.4;40.9;0.0;8.8;12.4;0
2015-11-21;Sydney;20.3;22.1;0.0;14.6;0.3;0
2015-11-22;Sydney;19.0;22.4;0.0;6.2;2.7;0
2015-11-23;Sydney;17.1;26.5;0.0;3.8;11.5;0
2015-11-24;Sydney;18.7;25.2;0.0;8.0;11.4;0
2015-11-26;Sydney;22.4;37.8;0.0;12.6;9.6;0
2015-11-27;Sydney;16.5;22.6;0.6;14.6;7.1;0
2015-11-28;Sydney;19.1;23.8;0.0;7.4;0.3;0
2015-11-29;Sydney;19.9;26.0;0.0;6.4;7.1;0
2015-11-30;Sydney;18.2;26.3;0.2;7.4;11.1;0
2015-12-01;Sydney;19.0;33.3;0.0;8.0;10.4;0
2015-12-02;Sydney;19.2;22.8;0.0;14.2;5.3;0
2015-12-03;Sydney;17.1;21.7;0.0;9.2;8.1;0
2015-12-04;Sydney;14.6;23.6;0.0;6.4;9.3;0
2015-12-06;Sydney;16.6;25.8;0.0;9.0;12.7;0
2015-12-07;Sydney;18.8;25.5;0.0;9.2;7.9;0
2015-12-08;Sydney;20.9;25.0;0.0;7.6;0.3;0
2015-12-09;Sydney;21.3;33.3;0.8;4.6;8.6;0
2015-12-10;Sydney;20.2;25.5;15.2;10.0;6.4;1
2015-12-11;Sydney;21.2;35.3;0.2;6.4;8.8;0
2015-12-12;Sydney;18.4;22.6;0.0;12.2;5.8;0
2015-12-13;Sydney;18.2;24.4;0.0;7.6;6.5;0
2015-12-14;Sydney;18.3;29.6;0.0;8.0;13.1;0
2015-12-15;Sydney;20.6;26.9;0.0;10.0;5.7;0
2015-12-16;Sydney;21.1;23.4;0.6;5.4;1.8;0
2015-12-18;Sydney;19.0;27.5;0.0;13.6;12.3;0
2015-12-19;Sydney;20.3;29.0;0.0;9.4;13.2;0
2015-12-21;Sydney;23.6;29.1;0.0;14.0;3.6;0
2015-12-22;Sydney;17.7;21.8;29.8;4.4;0.0;1
2015-12-23;Sydney;17.3;23.0;34.0;3.6;4.5;1
2015-12-24;Sydney;16.9;24.6;1.0;5.0;9.5;0
2015-12-25;Sydney;17.5;25.2;0.0;7.0;9.6;0
2015-12-26;Sydney;18.8;26.1;0.6;7.4;6.1;0
2015-12-27;Sydney;17.1;23.0;1.8;8.8;5.7;1
2015-12-28;Sydney;15.3;22.6;2.6;5.8;4.8;1
2015-12-29;Sydney;15.4;24.9;0.2;7.4;12.5;0
2015-12-30;Sydney;15.0;25.6;0.0;7.4;13.1;0
2015-12-31;Sydney;17.4;26.7;0.0;8.0;12.7;0
2016-01-01;Sydney;17.9;25.6;0.0;11.0;12.3;0
2016-01-02;Sydney;18.0;25.4;0.0;6.8;3.3;0
2016-01-03;Sydney;20.2;24.6;0.0;8.0;0.0;0
2016-01-04;Sydney;18.6;23.6;15.0;6.4;0.7;1
2016-01-05;Sydney;17.8;20.3;34.2;0.0;0.0;1
2016-01-06;Sydney;17.4;18.6;51.4;8.0;0.0;1
2016-01-07;Sydney;16.5;24.4;41.4;2.0;7.6;1
2016-01-08;Sydney;15.5;25.4;0.4;6.6;12.1;0
2016-01-09;Sydney;18.5;25.5;0.0;7.0;8.6;0
2016-01-10;Sydney;18.5;27.1;0.0;8.0;12.2;0
2016-01-11;Sydney;20.5;31.6;0.0;9.0;12.1;0
2016-01-12;Sydney;23.5;34.0;0.0;10.6;4.4;0
2016-01-13;Sydney;21.3;31.0;0.0;6.0;11.0;0
2016-01-15;Sydney;14.3;21.7;34.0;12.2;2.7;1
2016-01-16;Sydney;14.3;23.8;5.4;6.0;7.2;1
2016-01-17;Sydney;16.0;26.1;0.0;5.6;11.8;0
2016-01-18;Sydney;16.7;27.0;0.0;7.0;13.5;0
2016-01-19;Sydney;19.2;30.2;0.0;8.0;13.0;0
2016-01-20;Sydney;21.9;37.5;0.0;11.8;10.0;0
2016-01-21;Sydney;23.6;33.5;0.0;11.6;6.9;0
2016-01-22;Sydney;22.8;29.2;30.6;10.4;1.4;1
2016-01-23;Sydney;22.3;26.0;13.0;3.4;9.5;1
2016-01-24;Sydney;20.8;25.0;0.0;6.6;0.6;0
2016-01-25;Sydney;21.6;25.2;0.0;4.6;0.0;0
2016-01-26;Sydney;21.6;27.8;0.0;2.4;8.7;0
2016-01-27;Sydney;20.8;24.9;2.2;9.8;0.5;1
2016-01-28;Sydney;21.4;27.6;0.4;5.6;6.7;0
2016-01-29;Sydney;22.4;28.1;0.0;5.0;8.2;0
2016-01-30;Sydney;19.5;28.7;9.0;3.0;3.0;1
2016-01-31;Sydney;19.7;31.1;12.8;5.8;10.0;1
2016-02-01;Sydney;21.8;26.5;0.2;8.0;7.4;0
2016-02-02;Sydney;17.0;27.9;2.0;5.0;12.9;1
2016-02-03;Sydney;19.3;28.3;0.0;7.6;10.7;0
2016-02-04;Sydney;19.1;24.8;10.8;7.6;0.8;1
2016-02-05;Sydney;19.6;26.1;3.6;9.6;6.8;1
2016-02-06;Sydney;19.9;27.0;1.8;8.8;8.1;1
2016-02-07;Sydney;19.1;27.4;0.0;7.2;10.1;0
2016-02-08;Sydney;19.0;28.0;0.0;4.6;12.6;0
2016-02-09;Sydney;21.0;27.7;0.0;9.8;10.3;0
2016-02-10;Sydney;19.6;28.5;0.2;7.6;12.7;0
2016-02-11;Sydney;20.7;28.4;0.0;10.4;9.6;0
2016-02-12;Sydney;21.5;28.8;0.0;6.4;12.0;0
2016-02-13;Sydney;20.7;28.9;0.0;8.8;12.1;0
2016-02-14;Sydney;21.1;32.5;0.0;9.6;10.4;0
2016-02-15;Sydney;22.3;29.3;0.0;8.0;6.9;0
2016-02-16;Sydney;21.5;27.9;0.0;7.0;10.8;0
2016-02-17;Sydney;19.5;26.0;0.0;8.8;10.4;0
2016-02-18;Sydney;18.3;26.4;0.0;8.0;11.7;0
2016-02-19;Sydney;20.5;29.4;0.0;8.0;11.1;0
2016-02-20;Sydney;23.1;29.3;0.0;9.4;5.9;0
2016-02-21;Sydney;21.4;27.0;6.0;8.2;4.8;1
2016-02-22;Sydney;20.8;28.8;1.2;3.8;11.6;1
2016-02-23;Sydney;21.8;29.7;0.0;9.4;12.4;0
2016-02-24;Sydney;20.9;29.5;0.0;11.0;12.3;0
2016-02-25;Sydney;21.9;32.8;0.0;8.4;12.2;0
2016-02-26;Sydney;23.2;27.8;0.0;12.2;5.2;0
2016-02-27;Sydney;22.5;27.5;0.0;6.0;10.0;0
2016-02-28;Sydney;20.7;28.1;0.0;8.0;10.1;0
2016-02-29;Sydney;20.5;27.7;0.0;11.2;5.7;0
2016-03-01;Sydney;21.3;28.2;0.0;4.2;7.7;0
2016-03-02;Sydney;20.3;28.8;0.0;7.8;10.7;0
2016-03-03;Sydney;22.2;28.7;0.0;8.2;10.2;0
2016-03-04;Sydney;22.8;28.3;0.0;9.6;10.1;0
2016-03-05;Sydney;20.6;27.6;0.0;9.2;10.6;0
2016-03-06;Sydney;20.8;27.9;0.0;9.8;10.5;0
2016-03-07;Sydney;21.0;28.3;0.0;8.0;11.8;0
2016-03-08;Sydney;22.4;28.1;0.0;8.8;10.8;0
2016-03-09;Sydney;22.9;29.3;0.0;9.2;10.1;0
2016-03-10;Sydney;22.0;30.6;0.0;8.0;6.5;0
2016-03-11;Sydney;22.8;27.8;0.0;5.8;2.3;0
2016-03-12;Sydney;21.8;28.7;0.0;4.6;10.7;0
2016-03-13;Sydney;22.6;27.7;0.0;9.0;7.7;0
2016-03-14;Sydney;21.8;30.7;0.0;7.2;4.9;0
2016-03-15;Sydney;19.9;25.6;16.8;7.0;4.5;1
2016-03-16;Sydney;19.7;26.2;23.0;6.0;7.6;1
2016-03-17;Sydney;19.0;26.1;13.6;5.2;7.5;1
2016-03-18;Sydney;19.6;28.2;3.4;5.6;4.4;1
2016-03-19;Sydney;16.2;24.4;4.8;5.4;11.0;1
2016-03-20;Sydney;17.4;22.0;0.2;7.8;3.4;0
2016-03-21;Sydney;15.4;21.2;61.2;5.8;2.7;1
2016-03-22;Sydney;14.3;23.8;25.4;2.8;6.9;1
2016-03-23;Sydney;14.9;25.3;1.6;4.2;9.5;1
2016-03-24;Sydney;16.5;27.4;0.0;5.2;9.3;0
2016-03-25;Sydney;19.3;25.2;0.0;6.8;0.3;0
2016-03-26;Sydney;17.1;26.0;0.0;3.0;10.2;0
2016-03-27;Sydney;19.3;24.2;0.2;4.0;5.7;0
2016-03-28;Sydney;19.4;26.0;34.8;5.8;4.1;1
2016-03-29;Sydney;20.6;23.3;0.0;4.0;0.0;0
2016-03-30;Sydney;19.0;28.7;7.0;1.4;7.5;1
2016-03-31;Sydney;16.5;25.6;1.2;6.8;10.6;1
2016-04-01;Sydney;16.6;25.6;0.0;5.4;10.2;0
2016-04-02;Sydney;18.3;31.2;0.0;6.8;10.3;0
2016-04-03;Sydney;19.5;25.2;0.0;6.8;6.7;0
2016-04-04;Sydney;18.7;23.5;94.4;3.4;0.8;1
2016-04-05;Sydney;18.6;26.2;6.4;3.0;10.4;1
2016-04-06;Sydney;19.9;34.2;0.0;6.8;10.6;0
2016-04-07;Sydney;19.9;20.5;0.2;8.4;0.0;0
2016-04-08;Sydney;17.7;20.6;0.0;4.0;0.0;0
2016-04-09;Sydney;16.0;25.0;0.4;1.2;9.5;0
2016-04-10;Sydney;16.1;27.3;0.0;3.8;9.6;0
2016-04-11;Sydney;16.1;26.5;0.0;6.4;9.4;0
2016-04-12;Sydney;17.4;22.9;8.2;5.6;5.7;1
2016-04-13;Sydney;15.5;24.2;0.6;4.2;8.3;0
2016-04-14;Sydney;15.7;22.9;0.6;3.4;2.4;0
2016-04-15;Sydney;16.5;24.6;1.0;3.4;9.9;0
2016-04-16;Sydney;16.6;25.5;0.0;5.0;9.3;0
2016-04-17;Sydney;19.1;23.2;0.0;4.6;3.2;0
2016-04-18;Sydney;15.1;24.2;2.0;3.0;7.6;1
2016-04-19;Sydney;16.9;23.9;15.0;5.0;6.9;1
2016-04-20;Sydney;16.7;25.5;15.8;3.4;10.3;1
2016-04-21;Sydney;17.3;24.5;0.0;3.4;10.5;0
2016-04-22;Sydney;17.1;25.9;0.0;4.0;7.1;0
2016-04-23;Sydney;16.2;20.2;6.6;3.4;1.3;1
2016-04-24;Sydney;15.3;23.1;3.8;2.6;9.9;1
2016-04-25;Sydney;13.1;22.8;0.0;4.8;10.4;0
2016-04-26;Sydney;14.2;23.7;0.0;2.8;9.6;0
2016-04-27;Sydney;15.3;23.7;0.0;2.8;10.7;0
2016-04-28;Sydney;15.7;25.1;0.0;5.2;7.7;0
2016-04-29;Sydney;16.0;24.2;0.0;4.8;4.6;0
2016-04-30;Sydney;18.8;26.5;0.0;3.4;4.5;0
2016-05-01;Sydney;18.1;26.1;2.8;3.4;4.7;1
2016-05-02;Sydney;13.9;21.3;0.0;4.8;6.1;0
2016-05-03;Sydney;12.8;26.4;0.0;3.4;10.4;0
2016-05-04;Sydney;16.0;26.2;0.0;8.0;10.2;0
2016-05-05;Sydney;13.5;22.4;0.0;4.0;10.1;0
2016-05-06;Sydney;14.0;26.7;0.0;3.4;9.9;0
2016-05-07;Sydney;12.4;22.9;0.0;5.6;8.7;0
2016-05-08;Sydney;15.3;20.8;0.0;1.4;0.0;0
2016-05-09;Sydney;18.0;22.2;1.6;1.0;0.0;1
2016-05-10;Sydney;17.3;24.6;0.0;4.4;9.7;0
2016-05-11;Sydney;12.6;23.1;0.0;8.0;7.5;0
2016-05-12;Sydney;13.7;24.5;0.0;6.0;9.1;0
2016-05-13;Sydney;13.9;25.9;0.0;4.0;10.0;0
2016-05-14;Sydney;12.4;26.6;0.0;7.2;10.2;0
2016-05-15;Sydney;13.2;24.4;0.0;2.2;5.2;0
2016-05-16;Sydney;13.6;22.9;0.0;3.2;9.1;0
2016-05-17;Sydney;16.3;28.2;0.0;4.8;8.9;0
2016-05-18;Sydney;12.7;21.9;0.0;6.6;3.0;0
2016-05-19;Sydney;11.9;23.2;0.0;4.0;9.9;0
2016-05-20;Sydney;12.8;24.9;0.0;4.0;9.2;0
2016-05-21;Sydney;13.6;21.5;0.0;3.4;4.4;0
2016-05-22;Sydney;14.5;22.0;0.0;2.0;9.1;0
2016-05-23;Sydney;15.2;26.8;0.0;4.0;9.2;0
2016-05-24;Sydney;12.1;22.3;0.0;7.6;9.9;0
2016-05-25;Sydney;10.4;21.2;0.0;3.2;8.7;0
2016-05-26;Sydney;12.9;20.2;0.2;4.6;4.8;0
2016-05-27;Sydney;12.8;18.6;0.2;4.0;9.9;0
2016-05-28;Sydney;9.8;14.8;0.0;5.6;2.1;0
2016-05-29;Sydney;9.2;19.3;2.2;1.6;9.8;1
2016-05-30;Sydney;7.3;19.9;0.2;2.6;9.5;0
2016-05-31;Sydney;8.7;17.5;0.0;2.2;1.7;0
2016-06-01;Sydney;10.9;17.9;29.4;0.6;1.4;1
2016-06-02;Sydney;11.1;19.1;1.0;2.4;8.7;0
2016-06-03;Sydney;11.7;18.3;0.2;2.4;1.3;0
2016-06-06;Sydney;13.7;18.4;68.4;12.6;2.2;1
2016-06-07;Sydney;11.3;19.9;0.0;5.2;3.6;0
2016-06-08;Sydney;10.9;20.7;0.0;1.8;9.3;0
2016-06-09;Sydney;13.8;22.0;0.2;4.8;6.0;0
2016-06-10;Sydney;13.1;21.4;0.2;6.2;9.1;0
2016-06-11;Sydney;10.1;19.8;0.0;3.2;8.7;0
2016-06-12;Sydney;7.9;18.1;0.0;5.4;8.3;0
2016-06-13;Sydney;8.5;20.3;0.0;1.0;6.5;0
2016-06-14;Sydney;9.9;21.2;0.0;2.2;9.6;0
2016-06-15;Sydney;9.1;20.5;0.0;3.4;8.2;0
2016-06-16;Sydney;10.2;22.2;0.0;2.2;9.6;0
2016-06-17;Sydney;12.7;19.3;0.0;3.6;1.4;0
2016-06-18;Sydney;14.7;21.1;5.0;3.6;3.4;1
2016-06-19;Sydney;14.5;19.5;0.4;0.8;0.0;0
2016-06-20;Sydney;15.0;20.4;38.8;2.2;3.5;1
2016-06-21;Sydney;14.9;18.4;0.0;6.0;5.5;0
2016-06-22;Sydney;12.8;19.7;0.0;4.4;9.0;0
2016-06-23;Sydney;9.4;18.5;0.0;5.0;8.2;0
2016-06-24;Sydney;12.7;16.3;0.0;3.8;6.5;0
2016-06-25;Sydney;7.3;15.1;0.6;5.4;9.6;0
2016-06-26;Sydney;5.6;15.3;0.0;3.6;5.2;0
2016-06-27;Sydney;7.4;11.7;0.0;2.2;0.0;0
2016-06-28;Sydney;7.7;17.3;2.4;1.4;8.9;1
2016-06-29;Sydney;6.7;18.8;0.2;4.0;9.6;0
2016-07-02;Sydney;8.2;18.2;0.0;2.8;9.5;0
2016-07-03;Sydney;6.5;18.1;0.0;3.6;9.5;0
2016-07-04;Sydney;6.4;15.6;0.0;3.4;7.5;0
2016-07-05;Sydney;7.5;18.8;4.8;0.6;5.8;1
2016-07-06;Sydney;9.5;17.7;0.2;4.4;4.8;0
2016-07-07;Sydney;12.9;17.2;29.4;6.4;1.6;1
2016-07-09;Sydney;8.7;18.0;2.2;0.6;5.2;1
2016-07-10;Sydney;10.5;17.9;1.0;1.8;7.3;0
2016-07-11;Sydney;11.8;18.6;0.0;3.2;0.3;0
2016-07-12;Sydney;14.8;20.2;0.2;1.2;7.8;0
2016-07-13;Sydney;9.6;14.0;0.0;8.0;9.8;0
2016-07-14;Sydney;6.7;17.0;0.0;5.2;9.6;0
2016-07-15;Sydney;6.4;17.7;0.0;3.0;9.5;0
2016-07-16;Sydney;6.9;18.9;0.0;1.8;4.7;0
2016-07-17;Sydney;9.2;18.8;0.8;1.8;3.2;0
2016-07-18;Sydney;11.0;24.2;0.0;1.2;8.9;0
2016-07-19;Sydney;11.4;24.9;0.2;3.2;6.2;0
2016-07-20;Sydney;16.5;16.9;17.0;2.4;0.0;1
2016-07-21;Sydney;13.9;19.3;20.4;1.8;2.6;1
2016-07-22;Sydney;13.1;25.7;0.0;0.2;7.4;0
2016-07-23;Sydney;14.5;17.4;6.0;7.6;10.0;1
2016-07-24;Sydney;7.8;14.3;0.0;4.0;5.4;0
2016-07-25;Sydney;8.4;17.9;0.0;4.0;9.9;0
2016-07-26;Sydney;10.2;17.9;0.0;4.8;9.9;0
2016-07-27;Sydney;10.8;18.6;0.0;5.4;10.1;0
2016-07-28;Sydney;8.8;19.4;0.0;4.0;10.1;0
2016-07-29;Sydney;7.3;18.5;0.0;4.0;10.1;0
2016-07-30;Sydney;8.7;19.8;0.0;4.2;10.0;0
2016-07-31;Sydney;10.4;20.9;0.0;2.8;3.2;0
2016-08-01;Sydney;10.9;18.4;0.0;2.2;0.7;0
2016-08-02;Sydney;11.5;15.8;0.4;1.0;0.9;0
2016-08-03;Sydney;10.7;14.6;24.8;2.6;0.2;1
2016-08-05;Sydney;9.7;16.2;4.0;3.2;2.7;1
2016-08-06;Sydney;9.2;15.5;1.8;2.6;2.2;1
2016-08-07;Sydney;10.3;16.4;0.6;0.6;2.6;0
2016-08-08;Sydney;8.7;19.7;0.0;2.6;10.8;0
2016-08-09;Sydney;8.1;19.1;0.0;2.0;6.9;0
2016-08-10;Sydney;10.9;25.2;0.0;4.8;9.2;0
2016-08-11;Sydney;11.2;20.3;0.0;6.2;10.6;0
2016-08-12;Sydney;7.1;19.4;0.0;6.4;8.6;0
2016-08-13;Sydney;8.3;20.3;0.0;3.2;10.6;0
2016-08-14;Sydney;9.5;20.0;0.0;5.4;10.5;0
2016-08-15;Sydney;8.9;19.6;0.0;3.2;10.1;0
2016-08-16;Sydney;9.8;20.3;0.0;4.0;10.5;0
2016-08-17;Sydney;10.6;24.2;0.0;3.8;10.2;0
2016-08-18;Sydney;11.6;22.9;0.0;4.6;10.5;0
2016-08-20;Sydney;11.0;17.9;0.4;6.6;10.7;0
2016-08-21;Sydney;8.2;20.4;0.0;5.2;10.7;0
2016-08-22;Sydney;9.5;13.8;0.0;3.0;0.2;0
2016-08-23;Sydney;8.5;18.4;1.8;0.6;6.8;1
2016-08-24;Sydney;11.8;14.7;2.4;3.2;0.0;1
2016-08-25;Sydney;9.0;17.3;52.8;5.2;6.7;1
2016-08-26;Sydney;7.3;17.3;0.0;4.6;7.8;0
2016-08-27;Sydney;7.4;19.9;1.4;2.8;10.7;1
2016-08-28;Sydney;8.4;20.5;0.0;3.8;10.7;0
2016-08-29;Sydney;8.4;19.6;0.0;4.0;6.1;0
2016-08-30;Sydney;10.7;19.9;0.0;3.2;4.4;0
2016-09-01;Sydney;12.1;22.5;0.0;4.6;9.2;0
2016-09-02;Sydney;14.5;18.0;14.4;6.2;0.0;1
2016-09-03;Sydney;15.4;20.5;23.4;2.2;9.1;1
2016-09-04;Sydney;10.1;21.3;0.0;5.6;10.9;0
2016-09-05;Sydney;10.0;21.2;0.0;3.4;11.1;0
2016-09-06;Sydney;10.0;20.5;0.0;5.0;10.8;0
2016-09-07;Sydney;12.2;22.0;0.0;3.2;8.2;0
2016-09-08;Sydney;15.4;21.2;0.0;3.8;7.1;0
2016-09-09;Sydney;14.7;22.7;0.0;5.0;8.9;0
2016-09-10;Sydney;14.1;22.7;1.2;7.4;9.3;1
2016-09-11;Sydney;13.0;21.0;0.0;6.2;8.7;0
2016-09-12;Sydney;12.4;20.9;0.0;4.2;9.7;0
2016-09-13;Sydney;16.0;20.2;0.0;5.6;1.5;0
2016-09-14;Sydney;16.0;24.6;5.8;1.8;3.9;1
2016-09-15;Sydney;14.1;22.1;0.0;6.6;8.1;0
2016-09-16;Sydney;13.5;22.5;0.0;6.8;8.5;0
2016-09-17;Sydney;10.7;22.4;0.0;5.4;8.8;0
2016-09-18;Sydney;14.2;17.8;0.0;6.6;0.0;0
2016-09-19;Sydney;13.1;21.4;13.4;1.0;10.1;1
2016-09-20;Sydney;10.0;20.6;0.0;6.4;8.7;0
2016-09-21;Sydney;14.0;21.2;0.0;4.8;2.9;0
2016-09-22;Sydney;13.5;20.1;2.0;4.0;4.1;1
2016-09-23;Sydney;15.2;22.0;0.6;3.0;8.2;0
2016-09-24;Sydney;12.5;22.3;0.0;4.8;10.1;0
2016-09-25;Sydney;13.6;22.1;3.4;5.2;2.1;1
2016-09-26;Sydney;12.0;21.8;4.0;4.2;10.1;1
2016-09-27;Sydney;10.9;23.2;0.0;6.2;9.7;0
2016-09-28;Sydney;10.2;21.3;0.0;7.2;11.4;0
2016-09-29;Sydney;14.2;22.8;1.4;5.4;4.2;1
2016-09-30;Sydney;12.3;20.1;0.4;7.2;8.6;0
2016-10-01;Sydney;12.4;22.1;0.0;7.4;10.4;0
2016-10-02;Sydney;12.5;24.7;0.0;8.0;11.1;0
2016-10-03;Sydney;18.4;25.6;0.0;9.0;8.3;0
2016-10-04;Sydney;12.7;23.4;0.0;10.2;11.1;0
2016-10-05;Sydney;11.7;23.7;0.0;11.0;11.0;0
2016-10-06;Sydney;13.0;27.8;0.0;7.6;11.1;0
2016-10-07;Sydney;16.0;31.0;0.0;8.6;9.3;0
2016-10-08;Sydney;20.1;22.2;0.2;10.0;7.4;0
2016-10-09;Sydney;13.8;25.5;0.0;7.4;8.4;0
2016-10-10;Sydney;16.8;33.6;0.0;8.4;6.6;0
2016-10-11;Sydney;12.3;21.3;3.8;10.2;11.4;1
2016-10-12;Sydney;10.7;23.6;0.0;6.6;9.3;0
2016-10-13;Sydney;11.8;18.3;4.4;7.4;7.9;1
2016-10-14;Sydney;9.0;21.3;0.2;8.2;11.6;0
2016-10-15;Sydney;11.1;23.9;0.0;5.6;12.2;0
2016-10-16;Sydney;15.9;29.0;0.0;10.0;11.0;0
2016-10-17;Sydney;21.7;22.4;0.0;11.8;2.4;0
2016-10-18;Sydney;11.5;25.8;3.0;3.0;12.2;1
2016-10-19;Sydney;16.2;24.5;0.2;11.0;11.1;0
2016-10-20;Sydney;16.4;21.6;0.0;8.0;10.3;0
2016-10-21;Sydney;15.3;25.2;0.0;7.4;8.4;0
2016-10-22;Sydney;16.1;18.0;11.8;8.4;4.1;1
2016-10-23;Sydney;10.2;19.8;0.6;4.8;10.4;0
2016-10-24;Sydney;10.2;21.5;0.8;5.8;12.4;0
2016-10-25;Sydney;11.4;23.3;0.0;6.8;12.3;0
2016-10-26;Sydney;14.3;27.0;0.0;7.8;8.5;0
2016-10-27;Sydney;18.4;21.7;0.0;8.0;6.2;0
2016-10-28;Sydney;14.7;19.6;1.4;4.6;0.5;1
2016-10-29;Sydney;15.3;24.3;3.2;1.6;7.9;1
2016-10-30;Sydney;18.2;25.5;0.2;7.0;4.6;0
2016-10-31;Sydney;16.1;23.3;1.6;6.6;12.9;1
2016-11-01;Sydney;12.1;24.5;0.0;10.6;12.1;0
2016-11-02;Sydney;13.0;24.1;0.0;7.2;12.8;0
2016-11-03;Sydney;13.6;25.2;0.0;7.4;12.2;0
2016-11-04;Sydney;15.3;30.6;0.0;8.4;12.8;0
2016-11-05;Sydney;21.0;25.7;0.0;13.4;12.4;0
2016-11-06;Sydney;15.7;26.0;0.0;14.4;12.3;0
2016-11-07;Sydney;14.8;28.1;0.0;7.6;12.4;0
2016-11-08;Sydney;21.2;28.3;0.0;11.0;4.1;0
2016-11-09;Sydney;17.8;22.7;2.0;5.2;2.5;1
2016-11-10;Sydney;16.9;24.6;10.2;2.8;10.7;1
2016-11-11;Sydney;17.8;24.3;0.0;7.0;11.1;0
2016-11-12;Sydney;18.4;32.5;9.0;7.6;9.1;1
2016-11-13;Sydney;18.9;30.3;0.0;8.0;13.0;0
2016-11-14;Sydney;17.4;24.4;0.0;15.8;7.0;0
2016-11-15;Sydney;15.4;23.2;0.6;5.8;9.4;0
2016-11-16;Sydney;14.3;25.2;0.0;5.2;12.7;0
2016-11-17;Sydney;17.3;23.9;0.0;7.4;12.8;0
2016-11-18;Sydney;16.4;31.4;0.0;9.2;12.1;0
2016-11-19;Sydney;19.3;24.8;0.0;8.6;3.7;0
2016-11-20;Sydney;19.1;25.1;0.0;6.0;8.5;0
2016-11-21;Sydney;19.7;28.4;0.0;7.4;6.0;0
2016-11-22;Sydney;21.0;31.0;0.0;8.0;9.7;0
2016-11-23;Sydney;19.8;26.2;0.0;10.4;5.9;0
2016-11-24;Sydney;13.5;23.4;5.4;6.6;13.1;1
2016-11-25;Sydney;14.7;25.5;0.0;8.8;13.1;0
2016-11-26;Sydney;18.1;24.4;0.0;8.0;12.3;0
2016-11-27;Sydney;19.6;23.5;0.0;9.8;1.7;0
2016-11-28;Sydney;20.3;26.1;0.0;6.0;8.1;0
2016-11-29;Sydney;19.3;25.3;0.0;7.8;7.0;0
2016-11-30;Sydney;18.2;25.2;0.0;6.4;4.4;0
2016-12-01;Sydney;18.1;28.5;0.0;7.4;8.1;0
2016-12-02;Sydney;18.7;35.7;0.2;6.0;9.8;0
2016-12-03;Sydney;21.0;26.8;0.0;11.2;9.7;0
2016-12-04;Sydney;19.7;26.9;0.0;8.0;9.3;0
2016-12-05;Sydney;22.1;29.9;0.4;7.6;2.9;0
2016-12-06;Sydney;20.4;23.6;3.2;7.0;0.0;1
2016-12-07;Sydney;18.6;25.1;7.8;1.4;9.3;1
2016-12-08;Sydney;20.2;27.9;0.2;8.0;12.2;0
2016-12-09;Sydney;18.1;27.8;0.4;13.6;13.4;0
2016-12-10;Sydney;16.9;23.7;0.0;9.0;9.8;0
2016-12-11;Sydney;20.0;26.3;0.0;9.0;11.4;0
2016-12-12;Sydney;20.9;27.6;0.0;10.6;12.4;0
2016-12-13;Sydney;20.7;37.8;0.0;10.2;11.4;0
2016-12-14;Sydney;27.1;37.2;0.0;13.4;2.5;0
2016-12-15;Sydney;17.4;19.1;8.2;8.8;0.0;1
2016-12-16;Sydney;17.2;25.4;32.6;1.0;0.0;1
2016-12-17;Sydney;18.5;33.7;10.4;1.4;12.7;1
2016-12-18;Sydney;18.3;21.3;0.0;10.0;0.7;0
2016-12-19;Sydney;17.7;22.9;0.0;7.8;7.1;0
2016-12-20;Sydney;16.7;27.1;0.0;7.0;12.0;0
2016-12-21;Sydney;18.6;26.7;0.0;10.0;10.4;0
2016-12-22;Sydney;20.3;24.3;0.0;9.2;3.7;0
2016-12-23;Sydney;20.8;24.4;0.0;7.6;7.9;0
2016-12-24;Sydney;19.8;27.2;0.0;9.4;4.3;0
2016-12-25;Sydney;19.1;27.4;1.6;4.6;12.8;1
2016-12-26;Sydney;20.9;29.3;0.0;11.2;10.9;0
2016-12-27;Sydney;21.8;29.6;0.0;11.2;6.0;0
2016-12-28;Sydney;21.1;28.9;0.0;7.8;9.4;0
2016-12-29;Sydney;22.6;36.6;0.0;10.4;4.8;0
2016-12-30;Sydney;23.9;33.3;0.0;9.2;0.5;0
2016-12-31;Sydney;24.1;30.0;0.0;8.2;4.8;0
